Product_ID,Rating,Product_Name,Product_Category,Price__USD_,Number_of_Reviews,Seller_Name,Product_Availability,Shipping_Cost,Discount_Percentage,Review_ID,Customer_ID,Review_Date,Review_Title,Review_Text,Verified_Purchase,Helpful_Votes,Review_Language
99edd936-296e-44c5-8152-2686393551ad,3,incubate user-centric functionalities,Toys,391.82,1322,"Carlson, Chaney and Fitzgerald",Out of stock,15.93,25,8b3d6e02-f461-4817-b76a-04be6065806b,,10/21/2024,Rest feeling cold soldier strategy present I. Fine whatever certain bring. Fast respond whole dog.,,No,447,German
396aa613-b7c0-494a-aba3-78951ce1228c,2,implement extensible infrastructures,Health & Personal Care,139.05,1572,Brown-Carter,Out of stock,11.58,28,e88a4a63-23a9-41df-b027-29a46d57a486,1c9f355e-1f2a-428f-8732-9b9dbafc6989,10/16/2022,Republican exactly event.,Some environment capital. Relationship anything miss have will away state pay.,No,13,Japanese
a9194759-9cb3-4902-a1cd-d144e18620b5,2,harness scalable e-commerce,Sports,428.12,8493,Rocha Inc,In stock,19.85,12,23c64857-d158-4411-ab16-ba4402476e44,afcdd2f3-4b9b-4a5b-b832-dca671827f23,10/30/2024,Make also know respond hour provide.,Put policy part population billion. Word only play job city let western. Practice worker our pick.,Yes,282,Chinese
99174515-441e-4e80-bb5d-e6e8db3ad6c9,2,transition next-generation action-items,Health & Personal Care,86.73,6157,Kerr Ltd,In stock,10.48,23,a76e7127-67c0-4dca-9afc-7d7d945c5d92,6451ff1a-61d3-47fb-8901-907dcf92c6e5,4/8/2020,Evidence effort low really cost artist money.,Source improve lawyer spend born less fine. We our oil budget call concern realize. Nearly space mind growth heart television detail.,Yes,459,Italian
6afb6313-afb5-4fed-864f-064a806336b6,4,synthesize collaborative metrics,Automotive,133.61,4941,"Krause, Phillips and Perez",Out of stock,10.93,43,a30c0c1d-025b-4a90-bc2e-b5cf53d59ef0,,5/10/2022,Everything itself economic song guy recently fish. Respond night least answer center analysis need church.,,Yes,357,Chinese
80cf0840-7ac6-429b-a222-00da9cdfddac,2,envisioneer back-end supply-chains,Health & Personal Care,191.08,7408,Duke-Henderson,Out of stock,8.11,29,940d319d-da4a-4f37-b55f-29d71f8a9044,bee055e8-dde0-4633-bb20-ea5c286a8434,4/26/2021,Evening part term learn soldier trial.,Or particular identify view college whose trouble. Individual would usually just trouble believe. All during teach camera worry read.,No,459,Italian
6165b8a9-d27f-4ae5-bf4c-d45f4773d763,3,grow clicks-and-mortar initiatives,Health & Personal Care,492.9,7951,Beck-Kelly,In stock,19.12,42,6b13e5ef-d261-4e92-ac86-ae58b79db209,40e2b08f-196f-4297-848c-620f9c8c3bdb,2/8/2024,Popular memory responsibility.,Follow customer religious everyone owner. Candidate bill sport shoulder avoid. Heart include world anything commercial light.,Yes,176,German
889cda90-f4ba-4abc-bf4d-0f0f70fc00f3,3,deliver front-end functionalities,Clothing,57.74,7836,"Hunt, Henderson and Banks",Out of stock,2.33,42,f70b4009-e154-4f0f-bf1a-465fa86f410e,,4/9/2022,Growth issue accept whatever town right although. Somebody before late nice recent. Consider put present box however.,,Yes,100,French
1b0239bf-c5c7-4bfe-82d4-fa79bcfc7488,4,drive impactful channels,Grocery,65.8,963,Taylor PLC,Out of stock,16.78,48,7cb295bd-277c-4092-b5ba-f16c88a37c5c,83ace027-bef2-4f7d-ae9d-2eab6ce28aa4,6/2/2024,Reach wish if just environment knowledge.,Exist face physical community fund officer agree. Painting camera where already citizen. Condition want well tax morning. Well southern common alone.,Yes,73,English
8bfd37f7-40f0-456b-8885-316a5747115e,2,productize proactive interfaces,Home & Kitchen,451.39,4634,Collins-Haney,In stock,1.85,12,707487eb-eb31-44f1-b112-0e6c8c54e728,fb0506a3-3f9e-4469-ae3e-27ed374b5b2d,8/17/2023,The space four enjoy stage skill week.,Rate civil worker process election scene. Place purpose weight improve find still blood environmental. Rich feeling drug not finish. Answer throw camera pull always point investment.,No,488,Chinese
901cc7a4-03fc-4f32-9069-fc971d68f982,4,synthesize bricks-and-clicks architectures,Beauty,57.26,6061,Mathis-Hampton,Out of stock,1.13,17,c90f3bef-4683-444e-b5d3-245bd26760b5,6cfd2149-1179-47c2-8b3e-9e59b26267b3,10/7/2021,Someone nearly chance speech.,Type risk Democrat story. Try perform middle instead whose. Story would will newspaper glass.,No,459,Spanish
fc3f9ec2-2cfa-4c73-b59d-115975a7f4ba,2,scale bleeding-edge systems,Health & Personal Care,415.87,8696,"Jimenez, Ferrell and Jones",Out of stock,3.82,8,fbe7cefa-00c2-4e04-9481-f7bdfc16e781,,8/5/2024,Star service article would style fact leave. Time drive knowledge grow step more. Will hard process field. Field responsibility must true everybody south than.,,No,274,German
c62a0792-9e9c-49fa-bb91-f4b9b1d337f2,1,target one-to-one platforms,Beauty,442.78,1125,Lewis-Molina,In stock,14.12,17,6b308e8b-09e4-44e7-8dab-8a50e6365ed1,1a81b667-50b7-4529-8400-802554ccbec2,1/22/2023,Unit per able party discuss PM.,Lead from sense military. While particularly authority hard just country character.,No,104,Italian
b8a8b491-8e56-49e0-8183-12b444351462,4,enhance enterprise paradigms,Health & Personal Care,92.42,9960,Delacruz-Reyes,Out of stock,1.38,30,52dc904e-0adf-4f0b-9b6b-8849986f9e45,27747d69-c2f9-4382-9df0-9fca90695bc6,11/3/2021,Pressure avoid food station defense white.,Poor expect worker class maintain admit north. Put imagine foreign several off door Mr.,No,252,Italian
da504328-e331-4692-ac79-b5f90eacd73b,2,aggregate web-enabled info-mediaries,Electronics,396.95,1067,Wilson-Drake,Out of stock,19.48,39,8daa7847-6355-4ee0-a617-2e5d2cf554dc,3520c3d8-3652-488d-b48a-02e6d7bd4b8c,7/31/2021,Resource then late trip everybody capital.,State ahead international station. Cover lead most customer answer manage technology. Edge measure cold require weight final.,No,118,Chinese
58492ddb-813b-4ea3-a260-50e765835865,4,aggregate bleeding-edge partnerships,Grocery,194.11,8034,"Page, Vazquez and Buckley",In stock,2.02,15,cc683eab-d68a-4205-bb78-295a688fad1e,,8/25/2021,Nature improve catch simple prepare. Amount husband herself production. Development person these meeting study rate.,,No,131,Chinese
51914e8a-4f6a-4ac8-8896-9bbb8e29457c,2,morph B2B methodologies,Toys,240.29,6288,Chang-Curtis,In stock,3.75,27,25cf2457-42f2-4dfc-89bc-01e038634ee6,9d1caacc-2014-48eb-9c70-d84d929a7a07,12/28/2020,Follow discussion Democrat give.,Thousand amount citizen administration adult meeting mission. Bag reach site. Dream try manager fish table power head.,No,8,Japanese
09057685-8a8d-4f92-8d29-606508c0f2f5,1,benchmark viral communities,Books,141.33,6625,Perez Inc,Out of stock,18.83,13,5f91696b-7685-4e18-aa9d-026e56b81d97,d8ce36bd-cc47-4b29-9e2d-1cf504aea431,1/9/2024,Will more wide finish course social.,Represent attorney time strong hundred. Able ball hour six care prepare water school. Owner kind maintain send.,No,389,French
c6c0850b-cfa9-4acf-93e6-ad6ba619a136,1,innovate back-end bandwidth,Electronics,236.17,8046,Spencer-Palmer,Out of stock,8.82,31,d7c7f8e7-968c-4786-9877-eca7bb138b52,d068f377-a496-46e3-8cd4-958849a336ef,4/23/2023,Somebody easy officer law amount voice.,Great guess condition piece purpose enter on. Week store answer view huge. Significant result heavy scene marriage television room.,No,42,Italian
81699c05-a2ff-4e4b-b1f4-ac5960b83272,4,envisioneer killer systems,Grocery,119.3,2976,Hutchinson-Underwood,Out of stock,5.6,13,ce3e32e2-0377-44f4-af1d-4a314b1a7c3b,587e0312-ec3f-473c-91c1-22ec0abc539a,11/21/2024,East report participant color fill story citizen.,Answer attention camera might statement maintain wish kid. Expect eight protect network skin hundred check claim.,No,441,English
138b9508-cdd8-4de6-b4df-dfa357ab7251,3,facilitate turn-key schemas,Automotive,312.39,2023,Stevens-Wilson,In stock,15.65,44,bc678134-8a28-4027-9ef9-54e42931d931,320c0cef-16bf-4775-bce7-c6bb69662b01,4/25/2020,Think popular your commercial.,Mission apply hand animal nation more subject. Think dinner major voice. Early risk brother number plant.,No,275,German
63dcc58f-a2e2-43c9-a315-ad8b8a1e324e,2,repurpose frictionless interfaces,Automotive,34.18,785,Sullivan-Sanchez,In stock,12.28,27,f6b5f30b-54d1-4b24-932e-e4ffaa631372,ee7f0542-e438-4731-b58b-d37f7746e742,6/7/2024,I thought machine think middle war strong.,Key must fish do. Whatever politics season. Clearly event there push keep according public.,No,165,English
99884c29-edbc-4cbd-97c0-750bfb67fa5f,1,cultivate global platforms,Books,121.25,506,"Martin, Cruz and Hernandez",In stock,6.6,6,000651b8-45e5-4eb2-bf84-08c46fb442de,,10/30/2021,Themselves near significant performance reduce seem think. Easy plant apply heart trial subject.,,No,52,English
3b796cb1-8c31-4343-9cd7-fa00cfdf4c99,2,benchmark back-end partnerships,Automotive,119.57,1805,Austin Group,In stock,0.9,42,fa1151f0-5a6f-4184-9354-dfd55f59ede7,bca81b7f-b5ca-4ee1-8b30-16472e5e1fa7,12/3/2023,Success system tree leader book easy.,Experience wait also. Goal seek movie action nothing other even thought. Watch option customer always top manager chance.,No,336,English
9cc35a82-52a9-40b4-8035-f1d2dd83322a,4,whiteboard vertical convergence,Books,155.29,1645,Orr-Perry,Out of stock,5.17,7,8ba97783-98e0-479a-8c1f-4f2147b7ea9d,9c562e37-e30d-4150-930c-045a521b2046,6/13/2020,Prepare film large skill smile production.,Evidence truth more leg dinner goal open. Nature father goal deep natural half himself action. Generation nature suddenly learn travel writer imagine.,Yes,279,Japanese
6681bec8-a959-43be-bb25-2a47dcf03e6a,4,monetize extensible interfaces,Home & Kitchen,26.27,176,Roberts-Ali,In stock,6.69,21,e8ff4edd-8e38-4ab9-916b-d2ff709d798c,bd0720a5-d719-438e-8358-9e7be058a127,11/25/2021,Environmental community ask.,Believe conference sense there agree. Arm size structure behind.,No,300,Italian
76476642-d456-4d20-a080-7aaed2e72be2,4,e-enable frictionless action-items,Home & Kitchen,45.94,5931,Young Inc,In stock,19.22,41,6a4bf297-646a-402a-9d29-fdc0b2d65d81,a12591a1-2524-4e8b-996b-91f326347e5d,8/2/2020,Effect scene next despite example fear.,Part skill outside green majority operation right again. Career economic memory table assume knowledge when second.,No,341,Japanese
6702bb3b-b2d5-4e2b-b28a-6acff424f492,4,reinvent bricks-and-clicks web-readiness,Home & Kitchen,239.68,6312,"Dawson, Stevenson and Jackson",Out of stock,17.82,42,bb1d136e-fc78-408d-be1a-9784234da77e,,10/9/2023,Business line morning reach. Customer method best born necessary much dog significant. Range guy stop bar forget organization attention. Well sense difficult feel others suffer.,,Yes,7,Japanese
784fece1-ea17-4c88-b1cd-5e72bf55d2b3,3,expedite B2B technologies,Toys,407.54,2627,Freeman-Cole,Out of stock,5.53,21,1ad6acc5-2ab4-4941-ba80-60f32a49f276,15025aa1-11cf-48e1-97d7-e971295e1e1f,7/19/2022,Firm window back still town.,Our forget support rather argue ten. Like blue parent share. Need north say too shoulder in send.,No,136,Japanese
995c06ed-9f4e-4a60-be2b-9f81ad508e1b,4,e-enable rich eyeballs,Grocery,261.8,8665,Griffin-Wilson,Out of stock,14.74,27,9e3ad464-08a9-4d1f-9d64-36987ae7be2a,ee1bd3ae-4d46-4fe3-8a7a-9d4469ce8d34,4/4/2023,Himself view eight establish care.,Unit I agree record. Manager reality our writer pass movement. Subject real finally draw no Democrat our. Friend until more top north story cultural.,Yes,10,German
3c7ac7b7-18d2-4a0a-9d5b-3ca74e3bfab9,5,productize efficient e-commerce,Automotive,18.89,5311,Trevino Group,In stock,7.8,46,75a23250-dfbe-45b9-b944-14c9db15f14b,49e0b432-6941-4985-90cf-2bdf9403da2b,9/21/2023,Car require reduce customer.,Beautiful table try recently region school significant. Foot last keep if traditional out improve sometimes.,No,85,Japanese
